{
  "config": {
    "rounds": 5,
    "timeout_s": 60,
    "workers": 16
  },
  "integrity_issues": [],
  "rounds": [
    {
      "approved": 1,
      "conflicts": 15,
      "elapsed_ms": 168.46741701010615,
      "errors": 0,
      "exitcodes": [
        0,
        0,
        0,
        0,
        0,
        0,
        0,
        0,
        0,
        0,
        0,
        0,
        0,
        0,
        0,
        0
      ],
      "expected_version": 1,
      "failure_details": [],
      "final_ref_version": 2,
      "final_state": "approved",
      "history_kinds": [
        "publish",
        "approve"
      ],
      "passed": true,
      "round": 0,
      "worker_elapsed_ms": [
        1.7717080190777779,
        1.5805420116521418,
        4.2009170283563435,
        6.365375011228025,
        2.039874962065369,
        4.777458030730486,
        1.9297499675303698,
        2.171416999772191,
        1.5651669818907976,
        1.6791250091046095,
        1.571624947246164,
        1.6538750496692955,
        1.7270830576308072,
        1.7644169856794178,
        1.9498750334605575,
        3.9104169700294733
      ],
      "workers": 16
    },
    {
      "approved": 1,
      "conflicts": 15,
      "elapsed_ms": 137.04458303982392,
      "errors": 0,
      "exitcodes": [
        0,
        0,
        0,
        0,
        0,
        0,
        0,
        0,
        0,
        0,
        0,
        0,
        0,
        0,
        0,
        0
      ],
      "expected_version": 1,
      "failure_details": [],
      "final_ref_version": 2,
      "final_state": "approved",
      "history_kinds": [
        "publish",
        "approve"
      ],
      "passed": true,
      "round": 1,
      "worker_elapsed_ms": [
        11.62899995688349,
        6.519999995362014,
        1.7683750484138727,
        1.7295420402660966,
        4.743208002764732,
        3.3841669792309403,
        16.69045799644664,
        1.5423750155605376,
        2.0401249639689922,
        11.635665956418961,
        3.096959029790014,
        1.4886249555274844,
        4.2334579629823565,
        5.3055419703014195,
        3.306583035737276,
        18.484250002074987
      ],
      "workers": 16
    },
    {
      "approved": 1,
      "conflicts": 15,
      "elapsed_ms": 141.00691699422896,
      "errors": 0,
      "exitcodes": [
        0,
        0,
        0,
        0,
        0,
        0,
        0,
        0,
        0,
        0,
        0,
        0,
        0,
        0,
        0,
        0
      ],
      "expected_version": 1,
      "failure_details": [],
      "final_ref_version": 2,
      "final_state": "approved",
      "history_kinds": [
        "publish",
        "approve"
      ],
      "passed": true,
      "round": 2,
      "worker_elapsed_ms": [
        1.6405830392614007,
        1.6213330090977252,
        2.414457965642214,
        5.11450000340119,
        1.4842500095255673,
        1.9680840196087956,
        1.5847079921513796,
        1.6978749772533774,
        1.6262499848380685,
        3.2604580046609044,
        1.6603749827481806,
        1.5009160269983113,
        2.0820830250158906,
        2.3592080106027424,
        2.765999990515411,
        1.4541660202667117
      ],
      "workers": 16
    },
    {
      "approved": 1,
      "conflicts": 15,
      "elapsed_ms": 138.3510410087183,
      "errors": 0,
      "exitcodes": [
        0,
        0,
        0,
        0,
        0,
        0,
        0,
        0,
        0,
        0,
        0,
        0,
        0,
        0,
        0,
        0
      ],
      "expected_version": 1,
      "failure_details": [],
      "final_ref_version": 2,
      "final_state": "approved",
      "history_kinds": [
        "publish",
        "approve"
      ],
      "passed": true,
      "round": 3,
      "worker_elapsed_ms": [
        1.5023339656181633,
        2.0966670126654208,
        15.09900001110509,
        21.187332982663065,
        1.624791999347508,
        1.611415995284915,
        9.562999999616295,
        2.4373329943045974,
        1.5794580103829503,
        4.647207970265299,
        1.933166990056634,
        3.859375021420419,
        8.7272499804385,
        1.678749977145344,
        1.9191669998690486,
        3.5753329866565764
      ],
      "workers": 16
    },
    {
      "approved": 1,
      "conflicts": 15,
      "elapsed_ms": 133.79908300703391,
      "errors": 0,
      "exitcodes": [
        0,
        0,
        0,
        0,
        0,
        0,
        0,
        0,
        0,
        0,
        0,
        0,
        0,
        0,
        0,
        0
      ],
      "expected_version": 1,
      "failure_details": [],
      "final_ref_version": 2,
      "final_state": "approved",
      "history_kinds": [
        "publish",
        "approve"
      ],
      "passed": true,
      "round": 4,
      "worker_elapsed_ms": [
        4.039333027321845,
        1.6627500299364328,
        31.67499997653067,
        1.6400000313296914,
        1.7340000486001372,
        5.522917024791241,
        1.9499160116538405,
        1.6781250014901161,
        3.423666988965124,
        1.566499995533377,
        1.6517089679837227,
        3.312584012746811,
        2.557500032708049,
        8.795833040494472,
        25.56033298606053,
        1.6552910092286766
      ],
      "workers": 16
    }
  ],
  "schema": "anfs.ref_contention_benchmark.v1",
  "summary": {
    "elapsed_ms": 764.9808339774609,
    "event_count": 30,
    "event_kinds": {
      "approve": 5,
      "policy_decision": 5,
      "publish": 10,
      "write": 10
    },
    "integrity_issue_count": 0,
    "max_seq": 30,
    "passed": true,
    "rounds_passed": 5,
    "rounds_total": 5,
    "sequence_contiguous": true,
    "total_approved": 5,
    "total_conflicts": 75,
    "total_errors": 0
  }
}
